SMT测试场景,SMT进程数,share32-IPC,share32-命中率(%),share32-平均延迟,share32-MSHR冲突,share32-重分配次数,share32-Bank利用率,share32-总周期,smtc128-IPC,smtc128-命中率(%),smtc128-平均延迟,smtc128-MSHR冲突,smtc128-重分配次数,smtc128-Bank利用率,smtc128-总周期,smtc64-IPC,smtc64-命中率(%),smtc64-平均延迟,smtc64-MSHR冲突,smtc64-重分配次数,smtc64-Bank利用率,smtc64-总周期,ssmtc64-100-5%-IPC,ssmtc64-100-5%-命中率(%),ssmtc64-100-5%-平均延迟,ssmtc64-100-5%-MSHR冲突,ssmtc64-100-5%-重分配次数,ssmtc64-100-5%-Bank利用率,ssmtc64-100-5%-总周期,ssmtc64-200-5%-IPC,ssmtc64-200-5%-命中率(%),ssmtc64-200-5%-平均延迟,ssmtc64-200-5%-MSHR冲突,ssmtc64-200-5%-重分配次数,ssmtc64-200-5%-Bank利用率,ssmtc64-200-5%-总周期,ssmtc64-500-5%-IPC,ssmtc64-500-5%-命中率(%),ssmtc64-500-5%-平均延迟,ssmtc64-500-5%-MSHR冲突,ssmtc64-500-5%-重分配次数,ssmtc64-500-5%-Bank利用率,ssmtc64-500-5%-总周期,smtc128 vs share32-IPC变化(%),smtc128 vs share32-命中率变化(%),smtc128 vs share32-延迟变化(%),smtc64 vs share32-IPC变化(%),smtc64 vs share32-命中率变化(%),smtc64 vs share32-延迟变化(%),ssmtc64-100-5% vs share32-IPC变化(%),ssmtc64-100-5% vs share32-命中率变化(%),ssmtc64-100-5% vs share32-延迟变化(%),ssmtc64-200-5% vs share32-IPC变化(%),ssmtc64-200-5% vs share32-命中率变化(%),ssmtc64-200-5% vs share32-延迟变化(%),ssmtc64-500-5% vs share32-IPC变化(%),ssmtc64-500-5% vs share32-命中率变化(%),ssmtc64-500-5% vs share32-延迟变化(%)
cacherand_2_gzip-program_2.txt,2,3.3188,72.1559,2.5889,57199,0,0.000000,602632344,3.4476,82.0835,2.1149,29163,0,0.000000,580112389,3.3376,65.0669,2.6277,60495,0,0.000000,599241019,3.4476,82.0835,2.1149,29163,0,0.000000,580112378,3.4476,82.0835,2.1149,29163,0,0.000000,580112378,3.4476,82.0835,2.1149,29163,0,0.000000,580112378,+3.8820%,+9.9276%,-18.3081%,+0.5659%,-7.0890%,+1.4981%,+3.8820%,+9.9276%,-18.3081%,+3.8820%,+9.9276%,-18.3081%,+3.8820%,+9.9276%,-18.3081%
cacherand_2_gzip-source_2.txt,2,3.3848,72.9026,2.6779,57719,0,0.000000,590881914,3.5172,82.1465,2.2174,31093,0,0.000000,568637515,3.4009,65.1460,2.7346,61861,0,0.000000,588073042,3.5172,82.1465,2.2174,31093,0,0.000000,568637014,3.5172,82.1465,2.2174,31093,0,0.000000,568637014,3.5172,82.1465,2.2174,31093,0,0.000000,568637014,+3.9119%,+9.2439%,-17.1979%,+0.4776%,-7.7566%,+2.1184%,+3.9120%,+9.2439%,-17.1980%,+3.9120%,+9.2439%,-17.1980%,+3.9120%,+9.2439%,-17.1980%
cacherand_2_recurseq_2.txt,2,3.0053,69.9010,1.4122,0,0,0.000000,665494046,3.2352,83.0344,0.9097,0,0,0.000000,618193130,3.1138,65.9330,1.3046,0,0,0.000000,642311976,3.2352,83.0344,0.9097,0,0,0.000000,618193130,3.2352,83.0344,0.9097,0,0,0.000000,618193130,3.2352,83.0344,0.9097,0,0,0.000000,618193130,+7.6515%,+13.1335%,-35.5825%,+3.6092%,-3.9680%,-7.6227%,+7.6515%,+13.1335%,-35.5825%,+7.6515%,+13.1335%,-35.5825%,+7.6515%,+13.1335%,-35.5825%
crafty_2_cacherand_2.txt,2,3.4104,66.9572,2.1178,853,0,0.000000,586433790,3.6877,82.7334,1.3235,47,0,0.000000,542344075,3.4338,64.6982,2.0426,218,0,0.000000,582451881,3.6873,82.7334,1.3239,44,0,0.000000,542395573,3.6873,82.7334,1.3239,44,0,0.000000,542395573,3.6873,82.7334,1.3239,44,0,0.000000,542395573,+8.1295%,+15.7762%,-37.5045%,+0.6836%,-2.2590%,-3.5499%,+8.1192%,+15.7762%,-37.4856%,+8.1192%,+15.7762%,-37.4856%,+8.1192%,+15.7762%,-37.4856%
crafty_2_gzip-source_2.txt,2,3.0657,97.4597,1.9145,72820,0,0.000000,652371207,3.1403,98.2685,1.7595,21018,0,0.000000,636873174,3.0557,96.5356,1.9829,93857,0,0.000000,654506555,3.1404,98.2688,1.7596,21060,0,0.000000,636858677,3.1404,98.2688,1.7596,21060,0,0.000000,636858677,3.1404,98.2688,1.7596,21060,0,0.000000,636858677,+2.4335%,+0.8088%,-8.0960%,-0.3263%,-0.9241%,+3.5742%,+2.4358%,+0.8091%,-8.0914%,+2.4358%,+0.8091%,-8.0914%,+2.4358%,+0.8091%,-8.0914%
crafty_2_recurseq_2.txt,2,2.9715,97.7949,1.1352,1414,0,0.000000,673056167,3.1047,99.1324,0.9259,149,0,0.000000,644178751,2.9779,97.2509,1.1637,477,0,0.000000,671610887,3.1047,99.1324,0.9259,149,0,0.000000,644178460,3.1047,99.1324,0.9259,149,0,0.000000,644178460,3.1047,99.1324,0.9259,149,0,0.000000,644178460,+4.4828%,+1.3375%,-18.4346%,+0.2152%,-0.5440%,+2.5151%,+4.4829%,+1.3376%,-18.4304%,+4.4829%,+1.3376%,-18.4304%,+4.4829%,+1.3376%,-18.4304%
gcc-200_2_crafty_2.txt,2,2.1240,96.5052,2.4169,1036565,0,0.000000,941634376,2.2226,97.7370,2.2539,928420,0,0.000000,899864746,2.1230,95.8864,2.4542,920286,0,0.000000,942082668,2.2222,97.7368,2.2535,925819,0,0.000000,900007320,2.2222,97.7368,2.2535,925819,0,0.000000,900007320,2.2222,97.7368,2.2535,925819,0,0.000000,900007320,+4.6417%,+1.2318%,-6.7476%,-0.0476%,-0.6189%,+1.5438%,+4.6252%,+1.2316%,-6.7628%,+4.6252%,+1.2316%,-6.7628%,+4.6252%,+1.2316%,-6.7628%
gcc-200_2_gzip-program_2.txt,2,2.8566,97.3887,1.9269,440178,0,0.000000,700140991,2.9241,97.9581,1.7946,315264,0,0.000000,683980581,2.8630,97.1455,1.9074,463562,0,0.000000,698558676,2.9241,97.9579,1.7940,314333,0,0.000000,683968425,2.9241,97.9579,1.7940,314333,0,0.000000,683968425,2.9241,97.9579,1.7940,314333,0,0.000000,683968425,+2.3627%,+0.5693%,-6.8699%,+0.2265%,-0.2432%,-1.0121%,+2.3645%,+0.5692%,-6.8966%,+2.3645%,+0.5692%,-6.8966%,+2.3645%,+0.5692%,-6.8966%
gcc-200_2_gzip-source_2.txt,2,2.9379,97.4561,1.9894,473897,0,0.000000,680764342,3.0040,97.9998,1.8677,319870,0,0.000000,665773446,2.9449,97.1805,1.9660,494079,0,0.000000,679130962,3.0043,97.9997,1.8673,317350,0,0.000000,665717437,3.0043,97.9997,1.8673,317350,0,0.000000,665717437,3.0043,97.9997,1.8673,317350,0,0.000000,665717437,+2.2517%,+0.5437%,-6.1178%,+0.2405%,-0.2756%,-1.1796%,+2.2603%,+0.5437%,-6.1362%,+2.2603%,+0.5437%,-6.1362%,+2.2603%,+0.5437%,-6.1362%
gcc-200_2_randacc_2.txt,2,3.4687,90.1859,1.6089,92075,0,0.000000,576587044,3.6980,98.8320,1.1060,282172,0,0.000000,540826101,3.4945,87.7211,1.5992,96361,0,0.000000,572328749,3.6982,98.8320,1.1060,281436,0,0.000000,540802268,3.6982,98.8320,1.1060,281436,0,0.000000,540802268,3.6982,98.8320,1.1060,281436,0,0.000000,540802268,+6.6123%,+8.6461%,-31.2565%,+0.7440%,-2.4648%,-0.5995%,+6.6170%,+8.6461%,-31.2580%,+6.6170%,+8.6461%,-31.2580%,+6.6170%,+8.6461%,-31.2580%
gcc-200_2_recurseq_2.txt,2,2.6439,97.9869,1.3145,543077,0,0.000000,756459271,2.7658,98.8606,1.1462,568312,0,0.000000,723108686,2.6746,97.9239,1.2708,686981,0,0.000000,747773139,2.7659,98.8607,1.1458,576879,0,0.000000,723088545,2.7659,98.8607,1.1458,576879,0,0.000000,723088545,2.7659,98.8607,1.1458,576879,0,0.000000,723088545,+4.6121%,+0.8736%,-12.8062%,+1.1616%,-0.0631%,-3.3275%,+4.6150%,+0.8737%,-12.8333%,+4.6150%,+0.8737%,-12.8333%,+4.6150%,+0.8737%,-12.8333%
gcc-200_2_seqacc_2.txt,2,3.6267,94.3575,1.3665,100793,0,0.000000,551462013,3.8033,99.1964,1.0573,231719,0,0.000000,525859730,3.6457,93.9304,1.3237,127861,0,0.000000,548590108,3.8035,99.1963,1.0572,229780,0,0.000000,525833583,3.8035,99.1963,1.0572,229780,0,0.000000,525833583,3.8035,99.1963,1.0572,229780,0,0.000000,525833583,+4.8687%,+4.8389%,-22.6260%,+0.5235%,-0.4271%,-3.1296%,+4.8739%,+4.8388%,-22.6340%,+4.8739%,+4.8388%,-22.6340%,+4.8739%,+4.8388%,-22.6340%
gcc-expr_2_crafty_2.txt,2,2.4221,97.2224,2.0630,1384154,0,0.000000,825743604,2.5287,98.3480,1.8947,1221085,0,0.000000,790905620,2.4250,96.5742,2.0933,1279114,0,0.000000,824752827,2.5291,98.3482,1.8940,1217977,0,0.000000,790799585,2.5291,98.3482,1.8940,1217977,0,0.000000,790799585,2.5291,98.3482,1.8940,1217977,0,0.000000,790799585,+4.4048%,+1.1256%,-8.1553%,+0.1201%,-0.6482%,+1.4713%,+4.4188%,+1.1258%,-8.1905%,+4.4188%,+1.1258%,-8.1905%,+4.4188%,+1.1258%,-8.1905%
gcc-expr_2_gzip-program_2.txt,2,2.8942,97.5682,1.8173,426128,0,0.000000,691029111,2.9560,98.1180,1.6928,189329,0,0.000000,676578511,2.9047,97.3274,1.7923,479367,0,0.000000,688540468,2.9560,98.1179,1.6924,189168,0,0.000000,676601025,2.9560,98.1179,1.6924,189168,0,0.000000,676601025,2.9560,98.1179,1.6924,189168,0,0.000000,676601025,+2.1358%,+0.5498%,-6.8542%,+0.3614%,-0.2408%,-1.3794%,+2.1324%,+0.5496%,-6.8763%,+2.1324%,+0.5496%,-6.8763%,+2.1324%,+0.5496%,-6.8763%
gcc-expr_2_gzip-source_2.txt,2,2.9963,97.6558,1.8672,439596,0,0.000000,667485475,3.0577,98.1798,1.7472,195909,0,0.000000,654076074,3.0038,97.3914,1.8524,512508,0,0.000000,665822752,3.0576,98.1799,1.7469,193127,0,0.000000,654101087,3.0576,98.1799,1.7469,193127,0,0.000000,654101087,3.0576,98.1799,1.7469,193127,0,0.000000,654101087,+2.0501%,+0.5240%,-6.4234%,+0.2497%,-0.2643%,-0.7901%,+2.0462%,+0.5241%,-6.4417%,+2.0462%,+0.5241%,-6.4417%,+2.0462%,+0.5241%,-6.4417%
gcc-expr_2_randacc_2.txt,2,3.5288,90.5172,1.4863,96380,0,0.000000,566764441,3.7384,98.9933,1.0114,185436,0,0.000000,534987970,3.5494,87.9146,1.4766,89833,0,0.000000,563477255,3.7384,98.9932,1.0113,183599,0,0.000000,534992985,3.7384,98.9932,1.0113,183599,0,0.000000,534992985,3.7384,98.9932,1.0113,183599,0,0.000000,534992985,+5.9397%,+8.4761%,-31.9538%,+0.5834%,-2.6026%,-0.6534%,+5.9387%,+8.4760%,-31.9623%,+5.9387%,+8.4760%,-31.9623%,+5.9387%,+8.4760%,-31.9623%
gcc-expr_2_recurseq_2.txt,2,2.6474,98.1608,1.2446,404601,0,0.000000,755470196,2.7628,98.9912,1.0906,196370,0,0.000000,723896646,2.6741,98.0700,1.2131,451893,0,0.000000,747920062,2.7629,98.9913,1.0905,193497,0,0.000000,723877548,2.7629,98.9913,1.0905,193497,0,0.000000,723877548,2.7629,98.9913,1.0905,193497,0,0.000000,723877548,+4.3616%,+0.8304%,-12.3694%,+1.0095%,-0.0908%,-2.5332%,+4.3644%,+0.8306%,-12.3847%,+4.3644%,+0.8306%,-12.3847%,+4.3644%,+0.8306%,-12.3847%
gcc-expr_2_seqacc_2.txt,2,3.6640,94.7026,1.2699,111669,0,0.000000,545858235,3.8298,99.3335,0.9885,190525,0,0.000000,522214552,3.6765,94.1019,1.2393,176519,0,0.000000,543998255,3.8300,99.3336,0.9881,188889,0,0.000000,522195016,3.8300,99.3336,0.9881,188889,0,0.000000,522195016,3.8300,99.3336,0.9881,188889,0,0.000000,522195016,+4.5276%,+4.6310%,-22.1617%,+0.3419%,-0.6007%,-2.4108%,+4.5315%,+4.6310%,-22.1911%,+4.5315%,+4.6310%,-22.1911%,+4.5315%,+4.6310%,-22.1911%
gcc-scilab_2_cacherand_2.txt,2,3.2975,70.7981,1.9577,49607,0,0.000000,606511708,3.4845,82.7146,1.3894,46468,0,0.000000,573962977,3.3586,65.5585,1.8779,44093,0,0.000000,595489347,3.4846,82.7146,1.3891,46165,0,0.000000,573957932,3.4846,82.7146,1.3891,46165,0,0.000000,573957932,3.4846,82.7146,1.3891,46165,0,0.000000,573957932,+5.6709%,+11.9165%,-29.0326%,+1.8510%,-5.2396%,-4.0787%,+5.6718%,+11.9165%,-29.0457%,+5.6718%,+11.9165%,-29.0457%,+5.6718%,+11.9165%,-29.0457%
gcc-scilab_2_crafty_2.txt,2,2.2338,96.0107,2.9088,2970362,0,0.000000,895333891,2.3433,97.1580,2.7069,2540604,0,0.000000,853508586,2.2493,95.4686,2.8986,2910878,0,0.000000,889176544,2.3422,97.1566,2.7067,2566360,0,0.000000,853885539,2.3422,97.1566,2.7067,2566360,0,0.000000,853885539,2.3422,97.1566,2.7067,2566360,0,0.000000,853885539,+4.9004%,+1.1473%,-6.9421%,+0.6925%,-0.5421%,-0.3518%,+4.8541%,+1.1459%,-6.9495%,+4.8541%,+1.1459%,-6.9495%,+4.8541%,+1.1459%,-6.9495%
gcc-scilab_2_gzip-program_2.txt,2,2.8777,97.6451,1.7909,282637,0,0.000000,695011426,2.9404,98.2271,1.6668,149601,0,0.000000,680170114,2.8848,97.3958,1.7715,283853,0,0.000000,693286773,2.9403,98.2269,1.6670,149640,0,0.000000,680194645,2.9403,98.2269,1.6670,149640,0,0.000000,680194645,2.9403,98.2269,1.6670,149640,0,0.000000,680194645,+2.1820%,+0.5820%,-6.9277%,+0.2487%,-0.2493%,-1.0838%,+2.1783%,+0.5818%,-6.9192%,+2.1783%,+0.5818%,-6.9192%,+2.1783%,+0.5818%,-6.9192%
gcc-scilab_2_gzip-source_2.txt,2,2.9730,97.7190,1.8632,281350,0,0.000000,672730669,3.0382,98.2764,1.7397,147158,0,0.000000,658276696,2.9816,97.4554,1.8405,291314,0,0.000000,670778660,3.0382,98.2763,1.7388,149021,0,0.000000,658284086,3.0382,98.2763,1.7388,149021,0,0.000000,658284086,3.0382,98.2763,1.7388,149021,0,0.000000,658284086,+2.1957%,+0.5574%,-6.6285%,+0.2910%,-0.2636%,-1.2153%,+2.1946%,+0.5573%,-6.6769%,+2.1946%,+0.5573%,-6.6769%,+2.1946%,+0.5573%,-6.6769%
gcc-scilab_2_randacc_2.txt,2,3.5178,90.5410,1.4836,69474,0,0.000000,568530292,3.7354,99.0615,1.0040,117199,0,0.000000,535413796,3.5364,87.9388,1.4776,56034,0,0.000000,565550077,3.7355,99.0614,1.0035,116226,0,0.000000,535400328,3.7355,99.0614,1.0035,116226,0,0.000000,535400328,3.7355,99.0614,1.0035,116226,0,0.000000,535400328,+6.1852%,+8.5205%,-32.3266%,+0.5269%,-2.6022%,-0.4016%,+6.1879%,+8.5204%,-32.3553%,+6.1879%,+8.5204%,-32.3553%,+6.1879%,+8.5204%,-32.3553%
gcc-scilab_2_recurseq_2.txt,2,2.6412,98.2045,1.2243,317071,0,0.000000,757245827,2.7573,99.0896,1.0678,146005,0,0.000000,725358055,2.6640,98.1179,1.1925,308464,0,0.000000,750756147,2.7574,99.0895,1.0677,144899,0,0.000000,725334208,2.7574,99.0895,1.0677,144899,0,0.000000,725334208,2.7574,99.0895,1.0677,144899,0,0.000000,725334208,+4.3962%,+0.8851%,-12.7890%,+0.8644%,-0.0866%,-2.6015%,+4.3996%,+0.8850%,-12.7937%,+4.3996%,+0.8850%,-12.7937%,+4.3996%,+0.8850%,-12.7937%
gcc-scilab_2_seqacc_2.txt,2,3.6786,94.7840,1.2590,83116,0,0.000000,543680295,3.8386,99.4109,0.9780,117397,0,0.000000,521017459,3.6878,94.1373,1.2339,98748,0,0.000000,542322525,3.8390,99.4110,0.9776,116777,0,0.000000,520973159,3.8390,99.4110,0.9776,116777,0,0.000000,520973159,3.8390,99.4110,0.9776,116777,0,0.000000,520973159,+4.3497%,+4.6269%,-22.3208%,+0.2504%,-0.6467%,-1.9924%,+4.3586%,+4.6270%,-22.3526%,+4.3586%,+4.6270%,-22.3526%,+4.3586%,+4.6270%,-22.3526%
gzip-program_2_crafty_2.txt,2,3.4000,97.5980,1.3609,104880,0,0.000000,588238687,3.5001,98.4613,1.1997,92736,0,0.000000,571413345,3.3926,96.7338,1.4194,108524,0,0.000000,589512016,3.5002,98.4612,1.1997,92959,0,0.000000,571393296,3.5002,98.4612,1.1997,92959,0,0.000000,571393296,3.5002,98.4612,1.1997,92959,0,0.000000,571393296,+2.9445%,+0.8633%,-11.8461%,-0.2160%,-0.8642%,+4.2979%,+2.9481%,+0.8632%,-11.8478%,+2.9481%,+0.8632%,-11.8478%,+2.9481%,+0.8632%,-11.8478%
gzip-program_2_recurseq_2.txt,2,2.9315,97.7615,1.4180,474816,0,0.000000,682242743,3.0229,98.5046,1.2963,442209,0,0.000000,661609696,2.9505,97.6690,1.3902,486976,0,0.000000,677840680,3.0229,98.5046,1.2963,442209,0,0.000000,661609703,3.0229,98.5046,1.2963,442209,0,0.000000,661609703,3.0229,98.5046,1.2963,442209,0,0.000000,661609703,+3.1186%,+0.7431%,-8.5826%,+0.6494%,-0.0925%,-1.9619%,+3.1186%,+0.7431%,-8.5826%,+3.1186%,+0.7431%,-8.5826%,+3.1186%,+0.7431%,-8.5826%
gzip-program_2_seqacc_2.txt,2,3.5830,94.5672,1.9125,265834,0,0.000000,558189304,3.6769,98.7693,1.6489,258143,0,0.000000,543935789,3.5808,93.6351,1.9096,311148,0,0.000000,558541153,3.6769,98.7693,1.6489,258143,0,0.000000,543935789,3.6769,98.7693,1.6489,258143,0,0.000000,543935789,3.6769,98.7693,1.6489,258143,0,0.000000,543935789,+2.6204%,+4.2021%,-13.7838%,-0.0630%,-0.9321%,-0.1524%,+2.6204%,+4.2021%,-13.7838%,+2.6204%,+4.2021%,-13.7838%,+2.6204%,+4.2021%,-13.7838%
gzip-source_2_gzip-program_2.txt,2,3.5202,97.4643,1.7583,210224,0,0.000000,568157090,3.5737,97.8745,1.6617,179557,0,0.000000,559651019,3.5232,97.1860,1.7570,209282,0,0.000000,567666986,3.5737,97.8745,1.6616,179458,0,0.000000,559648652,3.5737,97.8745,1.6616,179458,0,0.000000,559648652,3.5737,97.8745,1.6616,179458,0,0.000000,559648652,+1.5199%,+0.4102%,-5.4929%,+0.0863%,-0.2783%,-0.0766%,+1.5203%,+0.4102%,-5.4968%,+1.5203%,+0.4102%,-5.4968%,+1.5203%,+0.4102%,-5.4968%
gzip-source_2_randacc_2.txt,2,3.5624,91.9550,2.1264,222003,0,0.000000,561425085,3.6896,98.4881,1.7335,166257,0,0.000000,542067179,3.5434,87.5087,2.2303,246318,0,0.000000,564437014,3.6896,98.4881,1.7335,166227,0,0.000000,542069117,3.6896,98.4881,1.7335,166227,0,0.000000,542069117,3.6896,98.4881,1.7335,166227,0,0.000000,542069117,+3.5711%,+6.5331%,-18.4761%,-0.5336%,-4.4463%,+4.8838%,+3.5708%,+6.5331%,-18.4765%,+3.5708%,+6.5331%,-18.4765%,+3.5708%,+6.5331%,-18.4765%
gzip-source_2_recurseq_2.txt,2,3.0149,97.8784,1.4649,539321,0,0.000000,663382433,3.0994,98.5744,1.3498,497018,0,0.000000,645277589,3.0269,97.7559,1.4426,539506,0,0.000000,660734441,3.0994,98.5744,1.3498,496981,0,0.000000,645277253,3.0994,98.5744,1.3498,496981,0,0.000000,645277253,3.0994,98.5744,1.3498,496981,0,0.000000,645277253,+2.8057%,+0.6960%,-7.8591%,+0.4008%,-0.1225%,-1.5211%,+2.8058%,+0.6960%,-7.8581%,+2.8058%,+0.6960%,-7.8581%,+2.8058%,+0.6960%,-7.8581%
randacc_2_crafty_2.txt,2,3.6158,87.8070,1.6093,40,0,0.000000,553126141,3.8834,99.0692,0.9426,1,0,0.000000,515007821,3.6055,87.0520,1.6162,26,0,0.000000,554712451,3.8836,99.0693,0.9426,1,0,0.000000,514987872,3.8836,99.0693,0.9426,1,0,0.000000,514987872,3.8836,99.0693,0.9426,1,0,0.000000,514987872,+7.4015%,+11.2622%,-41.4236%,-0.2860%,-0.7550%,+0.4336%,+7.4057%,+11.2622%,-41.4277%,+7.4057%,+11.2622%,-41.4277%,+7.4057%,+11.2622%,-41.4277%
randacc_2_gzip-program_2.txt,2,3.4769,91.3326,2.0524,46604,0,0.000000,575218928,3.6073,98.4278,1.6335,1428,0,0.000000,554432084,3.4656,87.4203,2.1358,46175,0,0.000000,577100265,3.6073,98.4278,1.6335,1428,0,0.000000,554432084,3.6073,98.4278,1.6335,1428,0,0.000000,554432084,3.6073,98.4278,1.6335,1428,0,0.000000,554432084,+3.7492%,+7.0952%,-20.4122%,-0.3260%,-3.9122%,+4.0607%,+3.7492%,+7.0952%,-20.4122%,+3.7492%,+7.0952%,-20.4122%,+3.7492%,+7.0952%,-20.4122%
randacc_2_recurseq_2.txt,2,3.2124,89.6769,0.9827,0,0,0.000000,622590253,3.4040,99.3746,0.5155,0,0,0.000000,587546696,3.2747,88.2505,0.9394,0,0,0.000000,610740360,3.4040,99.3746,0.5155,0,0,0.000000,587546696,3.4040,99.3746,0.5155,0,0,0.000000,587546696,3.4040,99.3746,0.5155,0,0,0.000000,587546696,+5.9644%,+9.6977%,-47.5417%,+1.9402%,-1.4264%,-4.4044%,+5.9644%,+9.6977%,-47.5417%,+5.9644%,+9.6977%,-47.5417%,+5.9644%,+9.6977%,-47.5417%
randacc_2_seqacc_2.txt,2,3.7149,83.5728,2.0671,0,0,0.000000,538374751,4.0119,99.6474,0.0554,0,0,0.000000,498516929,3.7447,84.2380,1.9632,0,0,0.000000,534084911,4.0119,99.6474,0.0554,0,0,0.000000,498516929,4.0119,99.6474,0.0554,0,0,0.000000,498516929,4.0119,99.6474,0.0554,0,0,0.000000,498516929,+7.9953%,+16.0745%,-97.3223%,+0.8032%,+0.6652%,-5.0263%,+7.9953%,+16.0745%,-97.3223%,+7.9953%,+16.0745%,-97.3223%,+7.9953%,+16.0745%,-97.3223%
seqacc_2_crafty_2.txt,2,3.8579,91.9806,1.3150,11,0,0.000000,518417802,4.0436,99.4223,0.9028,0,0,0.000000,494607075,3.8440,93.2749,1.3349,6,0,0.000000,520291117,4.0436,99.4223,0.9029,0,0,0.000000,494606408,4.0436,99.4223,0.9029,0,0,0.000000,494606408,4.0436,99.4223,0.9029,0,0,0.000000,494606408,+4.8141%,+7.4417%,-31.3426%,-0.3600%,+1.2943%,+1.5140%,+4.8142%,+7.4417%,-31.3383%,+4.8142%,+7.4417%,-31.3383%,+4.8142%,+7.4417%,-31.3383%
seqacc_2_gzip-source_2.txt,2,3.6806,94.9813,2.0125,68243,0,0.000000,543394373,3.7747,98.8182,1.7628,2,0,0.000000,529847229,3.6732,93.7005,2.0216,37225,0,0.000000,544477790,3.7747,98.8182,1.7628,2,0,0.000000,529847206,3.7747,98.8182,1.7628,2,0,0.000000,529847206,3.7747,98.8182,1.7628,2,0,0.000000,529847206,+2.5568%,+3.8369%,-12.4102%,-0.1990%,-1.2808%,+0.4516%,+2.5568%,+3.8369%,-12.4102%,+2.5568%,+3.8369%,-12.4102%,+2.5568%,+3.8369%,-12.4102%
seqacc_2_recurseq_2.txt,2,3.4312,94.3219,0.7845,0,0,0.000000,582886421,3.5930,99.7189,0.5129,0,0,0.000000,556632973,3.4535,94.5006,0.7385,0,0,0.000000,579114633,3.5930,99.7189,0.5129,0,0,0.000000,556632973,3.5930,99.7189,0.5129,0,0,0.000000,556632973,3.5930,99.7189,0.5129,0,0,0.000000,556632973,+4.7165%,+5.3970%,-34.6279%,+0.6513%,+0.1787%,-5.8691%,+4.7165%,+5.3970%,-34.6279%,+4.7165%,+5.3970%,-34.6279%,+4.7165%,+5.3970%,-34.6279%
